docker-compose up -d db--
-- PostgreSQL database dump
--

-- Dumped from database version 16.2
-- Dumped by pg_dump version 16.2

SET statement_timeout = 0;
SET lock_timeout = 0;
SET idle_in_transaction_session_timeout = 0;
SET client_encoding = 'UTF8';
SET standard_conforming_strings = on;
SELECT pg_catalog.set_config('search_path', '', false);
SET check_function_bodies = false;
SET xmloption = content;
SET client_min_messages = warning;
SET row_security = off;

SET default_tablespace = '';

SET default_table_access_method = heap;

--
-- Name: cart_items; Type: TABLE; Schema: public; Owner: postgres
--

CREATE TABLE public.cart_items (
    id bigint NOT NULL,
    quantity integer NOT NULL,
    cart_id bigint,
    product_id bigint
);


ALTER TABLE public.cart_items OWNER TO postgres;

--
-- Name: cart_items_id_seq; Type: SEQUENCE; Schema: public; Owner: postgres
--

CREATE SEQUENCE public.cart_items_id_seq
    START WITH 1
    INCREMENT BY 1
    NO MINVALUE
    NO MAXVALUE
    CACHE 1;


ALTER SEQUENCE public.cart_items_id_seq OWNER TO postgres;

--
-- Name: cart_items_id_seq; Type: SEQUENCE OWNED BY; Schema: public; Owner: postgres
--

ALTER SEQUENCE public.cart_items_id_seq OWNED BY public.cart_items.id;


--
-- Name: carts; Type: TABLE; Schema: public; Owner: postgres
--

CREATE TABLE public.carts (
    id bigint NOT NULL,
    created_at timestamp without time zone,
    updated_at timestamp without time zone,
    user_id bigint NOT NULL
);


ALTER TABLE public.carts OWNER TO postgres;

--
-- Name: carts_id_seq; Type: SEQUENCE; Schema: public; Owner: postgres
--

CREATE SEQUENCE public.carts_id_seq
    START WITH 1
    INCREMENT BY 1
    NO MINVALUE
    NO MAXVALUE
    CACHE 1;


ALTER SEQUENCE public.carts_id_seq OWNER TO postgres;

--
-- Name: carts_id_seq; Type: SEQUENCE OWNED BY; Schema: public; Owner: postgres
--

ALTER SEQUENCE public.carts_id_seq OWNED BY public.carts.id;


--
-- Name: categories; Type: TABLE; Schema: public; Owner: postgres
--

CREATE TABLE public.categories (
    id bigint NOT NULL,
    name character varying(255),
    parent_id bigint
);


ALTER TABLE public.categories OWNER TO postgres;

--
-- Name: categories_id_seq; Type: SEQUENCE; Schema: public; Owner: postgres
--

CREATE SEQUENCE public.categories_id_seq
    START WITH 1
    INCREMENT BY 1
    NO MINVALUE
    NO MAXVALUE
    CACHE 1;


ALTER SEQUENCE public.categories_id_seq OWNER TO postgres;

--
-- Name: categories_id_seq; Type: SEQUENCE OWNED BY; Schema: public; Owner: postgres
--

ALTER SEQUENCE public.categories_id_seq OWNED BY public.categories.id;


--
-- Name: order_items; Type: TABLE; Schema: public; Owner: postgres
--

CREATE TABLE public.order_items (
    id bigint NOT NULL,
    price_at_order numeric(10,2) NOT NULL,
    quantity integer NOT NULL,
    order_id bigint NOT NULL,
    product_id bigint NOT NULL
);


ALTER TABLE public.order_items OWNER TO postgres;

--
-- Name: order_items_id_seq; Type: SEQUENCE; Schema: public; Owner: postgres
--

CREATE SEQUENCE public.order_items_id_seq
    START WITH 1
    INCREMENT BY 1
    NO MINVALUE
    NO MAXVALUE
    CACHE 1;


ALTER SEQUENCE public.order_items_id_seq OWNER TO postgres;

--
-- Name: order_items_id_seq; Type: SEQUENCE OWNED BY; Schema: public; Owner: postgres
--

ALTER SEQUENCE public.order_items_id_seq OWNED BY public.order_items.id;


--
-- Name: orders; Type: TABLE; Schema: public; Owner: postgres
--

CREATE TABLE public.orders (
    id bigint NOT NULL,
    created_at timestamp without time zone,
    total_amount numeric(19,2) NOT NULL,
    user_id bigint NOT NULL
);


ALTER TABLE public.orders OWNER TO postgres;

--
-- Name: orders_id_seq; Type: SEQUENCE; Schema: public; Owner: postgres
--

CREATE SEQUENCE public.orders_id_seq
    START WITH 1
    INCREMENT BY 1
    NO MINVALUE
    NO MAXVALUE
    CACHE 1;


ALTER SEQUENCE public.orders_id_seq OWNER TO postgres;

--
-- Name: orders_id_seq; Type: SEQUENCE OWNED BY; Schema: public; Owner: postgres
--

ALTER SEQUENCE public.orders_id_seq OWNED BY public.orders.id;


--
-- Name: product_category; Type: TABLE; Schema: public; Owner: postgres
--

CREATE TABLE public.product_category (
    product_id bigint NOT NULL,
    category_id bigint NOT NULL
);


ALTER TABLE public.product_category OWNER TO postgres;

--
-- Name: products; Type: TABLE; Schema: public; Owner: postgres
--

CREATE TABLE public.products (
    id bigint NOT NULL,
    base_price numeric(10,2) NOT NULL,
    description text,
    discount_price numeric(10,2),
    image_url character varying(255),
    name character varying(255) NOT NULL,
    stock_quantity integer NOT NULL
);


ALTER TABLE public.products OWNER TO postgres;

--
-- Name: products_id_seq; Type: SEQUENCE; Schema: public; Owner: postgres
--

CREATE SEQUENCE public.products_id_seq
    START WITH 1
    INCREMENT BY 1
    NO MINVALUE
    NO MAXVALUE
    CACHE 1;


ALTER SEQUENCE public.products_id_seq OWNER TO postgres;

--
-- Name: products_id_seq; Type: SEQUENCE OWNED BY; Schema: public; Owner: postgres
--

ALTER SEQUENCE public.products_id_seq OWNED BY public.products.id;


--
-- Name: users; Type: TABLE; Schema: public; Owner: postgres
--

CREATE TABLE public.users (
    id bigint NOT NULL,
    created_at timestamp without time zone,
    email character varying(255) NOT NULL,
    first_name character varying(255) NOT NULL,
    last_name character varying(255) NOT NULL,
    middle_name character varying(255),
    password character varying(255) NOT NULL,
    role character varying(255) NOT NULL
);


ALTER TABLE public.users OWNER TO postgres;

--
-- Name: users_id_seq; Type: SEQUENCE; Schema: public; Owner: postgres
--

CREATE SEQUENCE public.users_id_seq
    START WITH 1
    INCREMENT BY 1
    NO MINVALUE
    NO MAXVALUE
    CACHE 1;


ALTER SEQUENCE public.users_id_seq OWNER TO postgres;

--
-- Name: users_id_seq; Type: SEQUENCE OWNED BY; Schema: public; Owner: postgres
--

ALTER SEQUENCE public.users_id_seq OWNED BY public.users.id;


--
-- Name: cart_items id; Type: DEFAULT; Schema: public; Owner: postgres
--

ALTER TABLE ONLY public.cart_items ALTER COLUMN id SET DEFAULT nextval('public.cart_items_id_seq'::regclass);


--
-- Name: carts id; Type: DEFAULT; Schema: public; Owner: postgres
--

ALTER TABLE ONLY public.carts ALTER COLUMN id SET DEFAULT nextval('public.carts_id_seq'::regclass);


--
-- Name: categories id; Type: DEFAULT; Schema: public; Owner: postgres
--

ALTER TABLE ONLY public.categories ALTER COLUMN id SET DEFAULT nextval('public.categories_id_seq'::regclass);


--
-- Name: order_items id; Type: DEFAULT; Schema: public; Owner: postgres
--

ALTER TABLE ONLY public.order_items ALTER COLUMN id SET DEFAULT nextval('public.order_items_id_seq'::regclass);


--
-- Name: orders id; Type: DEFAULT; Schema: public; Owner: postgres
--

ALTER TABLE ONLY public.orders ALTER COLUMN id SET DEFAULT nextval('public.orders_id_seq'::regclass);


--
-- Name: products id; Type: DEFAULT; Schema: public; Owner: postgres
--

ALTER TABLE ONLY public.products ALTER COLUMN id SET DEFAULT nextval('public.products_id_seq'::regclass);


--
-- Name: users id; Type: DEFAULT; Schema: public; Owner: postgres
--

ALTER TABLE ONLY public.users ALTER COLUMN id SET DEFAULT nextval('public.users_id_seq'::regclass);


--
-- Data for Name: cart_items; Type: TABLE DATA; Schema: public; Owner: postgres
--

COPY public.cart_items (id, quantity, cart_id, product_id) FROM stdin;
12	3	3	3
\.


--
-- Data for Name: carts; Type: TABLE DATA; Schema: public; Owner: postgres
--

COPY public.carts (id, created_at, updated_at, user_id) FROM stdin;
3	2025-04-06 14:54:07.031	2025-04-07 18:30:02.526	1
\.


--
-- Data for Name: categories; Type: TABLE DATA; Schema: public; Owner: postgres
--

COPY public.categories (id, name, parent_id) FROM stdin;
1	Смартфоны	\N
2	Аудиотехника	\N
3	Apple	1
4	Samsung	1
5	Сопутствующие товары	1
6	Huawei	1
7	Наушники	5
8	Чехлы	5
9	Портативные колонки	2
10	Наушники	2
\.


--
-- Data for Name: order_items; Type: TABLE DATA; Schema: public; Owner: postgres
--

COPY public.order_items (id, price_at_order, quantity, order_id, product_id) FROM stdin;
24	299.99	3	22	3
25	899.99	1	23	2
\.


--
-- Data for Name: orders; Type: TABLE DATA; Schema: public; Owner: postgres
--

COPY public.orders (id, created_at, total_amount, user_id) FROM stdin;
22	2025-04-06 15:01:02.026	899.97	1
23	2025-04-07 16:39:48.872	899.99	1
\.


--
-- Data for Name: product_category; Type: TABLE DATA; Schema: public; Owner: postgres
--

COPY public.product_category (product_id, category_id) FROM stdin;
2	3
3	4
4	6
5	8
6	9
7	7
7	10
26	10
\.


--
-- Data for Name: products; Type: TABLE DATA; Schema: public; Owner: postgres
--

COPY public.products (id, base_price, description, discount_price, image_url, name, stock_quantity) FROM stdin;
2	999.99	Смартфон Apple iPhone 14 получил яркий 6.1-дюймовый OLED-дисплей Super Retina XDR с привычной «челкой», а на тыльной стороне девайса по диагонали расположены линзы в модуле основной камеры. Прочная передняя панель Ceramic Shield надежно защищает iPhone 14 от падений. Разрешение экрана составляет 2532 x 1170 пикселей.	899.99	https://images.app.goo.gl/ijimaCkdNMuptFc8A	Apple iPhone 14	10
26	369.99	\N	319.99	\N	Hyperx Cloud	18
6	99.99	\N	79.99	\N	Яндекс Станция	25
1	799.99	\N	699.99	\N	Apple iPhone 13	8
5	19.99	\N	17.99	\N	Чехол для Huawei P50	50
4	899.99	\N	799.99	\N	Huawei P50	12
3	299.99	\N	259.99	\N	Samsung Galaxy S8	5
7	249.99	\N	219.99	\N	Apple AirPods Pro	15
\.


--
-- Data for Name: users; Type: TABLE DATA; Schema: public; Owner: postgres
--

COPY public.users (id, created_at, email, first_name, last_name, middle_name, password, role) FROM stdin;
1	2025-04-06 14:49:36.746	danil134567@yandex.ru	Данил	Кононенко	\N	$2a$10$wVMMGaoXQrz3shJzCv4KpuIMYdwLXvFhKT4EVoDjmKi3nY0zFYC4a	ROLE_USER
\.


--
-- Name: cart_items_id_seq; Type: SEQUENCE SET; Schema: public; Owner: postgres
--

SELECT pg_catalog.setval('public.cart_items_id_seq', 12, true);


--
-- Name: carts_id_seq; Type: SEQUENCE SET; Schema: public; Owner: postgres
--

SELECT pg_catalog.setval('public.carts_id_seq', 3, true);


--
-- Name: categories_id_seq; Type: SEQUENCE SET; Schema: public; Owner: postgres
--

SELECT pg_catalog.setval('public.categories_id_seq', 10, true);


--
-- Name: order_items_id_seq; Type: SEQUENCE SET; Schema: public; Owner: postgres
--

SELECT pg_catalog.setval('public.order_items_id_seq', 25, true);


--
-- Name: orders_id_seq; Type: SEQUENCE SET; Schema: public; Owner: postgres
--

SELECT pg_catalog.setval('public.orders_id_seq', 23, true);


--
-- Name: products_id_seq; Type: SEQUENCE SET; Schema: public; Owner: postgres
--

SELECT pg_catalog.setval('public.products_id_seq', 26, true);


--
-- Name: users_id_seq; Type: SEQUENCE SET; Schema: public; Owner: postgres
--

SELECT pg_catalog.setval('public.users_id_seq', 1, true);


--
-- Name: cart_items cart_items_pkey; Type: CONSTRAINT; Schema: public; Owner: postgres
--

ALTER TABLE ONLY public.cart_items
    ADD CONSTRAINT cart_items_pkey PRIMARY KEY (id);


--
-- Name: carts carts_pkey; Type: CONSTRAINT; Schema: public; Owner: postgres
--

ALTER TABLE ONLY public.carts
    ADD CONSTRAINT carts_pkey PRIMARY KEY (id);


--
-- Name: categories categories_pkey; Type: CONSTRAINT; Schema: public; Owner: postgres
--

ALTER TABLE ONLY public.categories
    ADD CONSTRAINT categories_pkey PRIMARY KEY (id);


--
-- Name: order_items order_items_pkey; Type: CONSTRAINT; Schema: public; Owner: postgres
--

ALTER TABLE ONLY public.order_items
    ADD CONSTRAINT order_items_pkey PRIMARY KEY (id);


--
-- Name: orders orders_pkey; Type: CONSTRAINT; Schema: public; Owner: postgres
--

ALTER TABLE ONLY public.orders
    ADD CONSTRAINT orders_pkey PRIMARY KEY (id);


--
-- Name: product_category product_category_pkey; Type: CONSTRAINT; Schema: public; Owner: postgres
--

ALTER TABLE ONLY public.product_category
    ADD CONSTRAINT product_category_pkey PRIMARY KEY (product_id, category_id);


--
-- Name: products products_pkey; Type: CONSTRAINT; Schema: public; Owner: postgres
--

ALTER TABLE ONLY public.products
    ADD CONSTRAINT products_pkey PRIMARY KEY (id);


--
-- Name: carts uk_64t7ox312pqal3p7fg9o503c2; Type: CONSTRAINT; Schema: public; Owner: postgres
--

ALTER TABLE ONLY public.carts
    ADD CONSTRAINT uk_64t7ox312pqal3p7fg9o503c2 UNIQUE (user_id);


--
-- Name: users uk_6dotkott2kjsp8vw4d0m25fb7; Type: CONSTRAINT; Schema: public; Owner: postgres
--

ALTER TABLE ONLY public.users
    ADD CONSTRAINT uk_6dotkott2kjsp8vw4d0m25fb7 UNIQUE (email);


--
-- Name: users users_pkey; Type: CONSTRAINT; Schema: public; Owner: postgres
--

ALTER TABLE ONLY public.users
    ADD CONSTRAINT users_pkey PRIMARY KEY (id);


--
-- Name: cart_items fk1re40cjegsfvw58xrkdp6bac6; Type: FK CONSTRAINT; Schema: public; Owner: postgres
--

ALTER TABLE ONLY public.cart_items
    ADD CONSTRAINT fk1re40cjegsfvw58xrkdp6bac6 FOREIGN KEY (product_id) REFERENCES public.products(id);


--
-- Name: orders fk32ql8ubntj5uh44ph9659tiih; Type: FK CONSTRAINT; Schema: public; Owner: postgres
--

ALTER TABLE ONLY public.orders
    ADD CONSTRAINT fk32ql8ubntj5uh44ph9659tiih FOREIGN KEY (user_id) REFERENCES public.users(id);


--
-- Name: product_category fk5w81wp3eyugvi2lii94iao3fm; Type: FK CONSTRAINT; Schema: public; Owner: postgres
--

ALTER TABLE ONLY public.product_category
    ADD CONSTRAINT fk5w81wp3eyugvi2lii94iao3fm FOREIGN KEY (product_id) REFERENCES public.products(id);


--
-- Name: carts fkb5o626f86h46m4s7ms6ginnop; Type: FK CONSTRAINT; Schema: public; Owner: postgres
--

ALTER TABLE ONLY public.carts
    ADD CONSTRAINT fkb5o626f86h46m4s7ms6ginnop FOREIGN KEY (user_id) REFERENCES public.users(id);


--
-- Name: order_items fkbioxgbv59vetrxe0ejfubep1w; Type: FK CONSTRAINT; Schema: public; Owner: postgres
--

ALTER TABLE ONLY public.order_items
    ADD CONSTRAINT fkbioxgbv59vetrxe0ejfubep1w FOREIGN KEY (order_id) REFERENCES public.orders(id);


--
-- Name: product_category fkdswxvx2nl2032yjv609r29sdr; Type: FK CONSTRAINT; Schema: public; Owner: postgres
--

ALTER TABLE ONLY public.product_category
    ADD CONSTRAINT fkdswxvx2nl2032yjv609r29sdr FOREIGN KEY (category_id) REFERENCES public.categories(id);


--
-- Name: order_items fkocimc7dtr037rh4ls4l95nlfi; Type: FK CONSTRAINT; Schema: public; Owner: postgres
--

ALTER TABLE ONLY public.order_items
    ADD CONSTRAINT fkocimc7dtr037rh4ls4l95nlfi FOREIGN KEY (product_id) REFERENCES public.products(id);


--
-- Name: cart_items fkpcttvuq4mxppo8sxggjtn5i2c; Type: FK CONSTRAINT; Schema: public; Owner: postgres
--

ALTER TABLE ONLY public.cart_items
    ADD CONSTRAINT fkpcttvuq4mxppo8sxggjtn5i2c FOREIGN KEY (cart_id) REFERENCES public.carts(id);


--
-- Name: categories fksaok720gsu4u2wrgbk10b5n8d; Type: FK CONSTRAINT; Schema: public; Owner: postgres
--

ALTER TABLE ONLY public.categories
    ADD CONSTRAINT fksaok720gsu4u2wrgbk10b5n8d FOREIGN KEY (parent_id) REFERENCES public.categories(id);


--
-- PostgreSQL database dump complete
--

